{"frames": [

{
	"filename": "coin.png",
	"frame": {"x":2,"y":194,"w":35,"h":35},
	"rotated": false,
	"trimmed": false,
	"spriteSourceSize": {"x":0,"y":0,"w":35,"h":35},
	"sourceSize": {"w":35,"h":35}
},
{
	"filename": "fly_dead.png",
	"frame": {"x":110,"y":194,"w":69,"h":32},
	"rotated": false,
	"trimmed": false,
	"spriteSourceSize": {"x":0,"y":0,"w":69,"h":32},
	"sourceSize": {"w":69,"h":32}
},
{
	"filename": "fly_fly.png",
	"frame": {"x":181,"y":194,"w":69,"h":31},
	"rotated": false,
	"trimmed": false,
	"spriteSourceSize": {"x":0,"y":0,"w":69,"h":31},
	"sourceSize": {"w":69,"h":31}
},
{
	"filename": "fly_normal.png",
	"frame": {"x":39,"y":194,"w":69,"h":32},
	"rotated": false,
	"trimmed": false,
	"spriteSourceSize": {"x":0,"y":0,"w":69,"h":32},
	"sourceSize": {"w":69,"h":32}
},
{
	"filename": "slime_dead.png",
	"frame": {"x":2,"y":231,"w":54,"h":8},
	"rotated": false,
	"trimmed": false,
	"spriteSourceSize": {"x":0,"y":0,"w":54,"h":8},
	"sourceSize": {"w":54,"h":8}
},
{
	"filename": "slime_normal.png",
	"frame": {"x":252,"y":190,"w":43,"h":28},
	"rotated": false,
	"trimmed": false,
	"spriteSourceSize": {"x":0,"y":0,"w":43,"h":28},
	"sourceSize": {"w":43,"h":28}
},
{
	"filename": "slime_walk.png",
	"frame": {"x":58,"y":228,"w":43,"h":26},
	"rotated": false,
	"trimmed": false,
	"spriteSourceSize": {"x":0,"y":0,"w":43,"h":26},
	"sourceSize": {"w":43,"h":26}
},
{
	"filename": "walk0001.png",
	"frame": {"x":292,"y":2,"w":67,"h":92},
	"rotated": false,
	"trimmed": true,
	"spriteSourceSize": {"x":4,"y":4,"w":67,"h":92},
	"sourceSize": {"w":75,"h":96}
},
{
	"filename": "walk0002.png",
	"frame": {"x":286,"y":96,"w":67,"h":92},
	"rotated": false,
	"trimmed": true,
	"spriteSourceSize": {"x":4,"y":4,"w":67,"h":92},
	"sourceSize": {"w":75,"h":96}
},
{
	"filename": "walk0003.png",
	"frame": {"x":146,"y":98,"w":69,"h":94},
	"rotated": false,
	"trimmed": true,
	"spriteSourceSize": {"x":3,"y":1,"w":69,"h":94},
	"sourceSize": {"w":75,"h":96}
},
{
	"filename": "walk0004.png",
	"frame": {"x":75,"y":2,"w":71,"h":94},
	"rotated": false,
	"trimmed": true,
	"spriteSourceSize": {"x":2,"y":0,"w":71,"h":94},
	"sourceSize": {"w":75,"h":96}
},
{
	"filename": "walk0005.png",
	"frame": {"x":2,"y":98,"w":71,"h":94},
	"rotated": false,
	"trimmed": true,
	"spriteSourceSize": {"x":2,"y":0,"w":71,"h":94},
	"sourceSize": {"w":75,"h":96}
},
{
	"filename": "walk0006.png",
	"frame": {"x":217,"y":2,"w":73,"h":92},
	"rotated": false,
	"trimmed": true,
	"spriteSourceSize": {"x":1,"y":0,"w":73,"h":92},
	"sourceSize": {"w":75,"h":96}
},
{
	"filename": "walk0007.png",
	"frame": {"x":2,"y":2,"w":71,"h":94},
	"rotated": false,
	"trimmed": true,
	"spriteSourceSize": {"x":2,"y":0,"w":71,"h":94},
	"sourceSize": {"w":75,"h":96}
},
{
	"filename": "walk0008.png",
	"frame": {"x":75,"y":98,"w":69,"h":94},
	"rotated": false,
	"trimmed": true,
	"spriteSourceSize": {"x":3,"y":1,"w":69,"h":94},
	"sourceSize": {"w":75,"h":96}
},
{
	"filename": "walk0009.png",
	"frame": {"x":148,"y":2,"w":67,"h":94},
	"rotated": false,
	"trimmed": true,
	"spriteSourceSize": {"x":4,"y":2,"w":67,"h":94},
	"sourceSize": {"w":75,"h":96}
},
{
	"filename": "walk0010.png",
	"frame": {"x":217,"y":96,"w":67,"h":92},
	"rotated": false,
	"trimmed": true,
	"spriteSourceSize": {"x":4,"y":4,"w":67,"h":92},
	"sourceSize": {"w":75,"h":96}
},
{
	"filename": "walk0011.png",
	"frame": {"x":292,"y":2,"w":67,"h":92},
	"rotated": false,
	"trimmed": true,
	"spriteSourceSize": {"x":4,"y":4,"w":67,"h":92},
	"sourceSize": {"w":75,"h":96}
}],
"meta": {
	"app": "http://www.texturepacker.com",
	"version": "1.0",
	"image": "texture.png",
	"format": "RGBA8888",
	"size": {"w":512,"h":256},
	"scale": "1",
	"smartupdate": "$TexturePacker:SmartUpdate:e1aa39e8ee921ad79643ee0c84704bd4$"
}
}
