{
    "name": "radiant_scroller",
    "version": "0.0.3",
    "title": "Radiant Scroller",
    "description": "The jQuery plugin that allows to create responsive scrollers (carousels) with grid and simple horizontal layouts. RadiantScroller can be cuztomized with the variety of options and some API methods are also available.",
    "docs": "https://github.com/bodrovis/RadiantScroller",
    "homepage": "http://www.radiant-wind.com/plugins/radiant_scroller",
    "demo": "http://www.radiant-wind.com/plugins/radiant_scroller",
    "bugs": "https://github.com/bodrovis/RadiantScroller/issues",
    "author": {
        "name" : "Ilya Bodrov aka bodrovis",
        "email" : "golosizpru@gmail.com",
        "url" : "http://radiant-wind.com/"
    },
    "keywords": [
        "scroller",
        "grid",
        "carousel",
        "ui",
        "responsive",
        "effects",
        "transition",
        "images"
    ],
    "licenses": [
        {
            "type": "MIT",
            "url": "https://github.com/bodrovis/RadiantScroller/blob/master/LICENSE.txt"
        }
    ],
    "dependencies": {
        "jquery": ">=1.7.0"
    }
}