{
	"name": "mmenu",
	"version": "4.2.3",
	"title": "jQuery mmenu",
	"description": "A jQuery plugin that creates slick app look-alike sliding menus for your (mobile) website with horizontal or vertical submenus. It's easy to customize and has options for headers, labels, counters, a searchfield and more.",
	"homepage": "http://mmenu.frebsite.nl",
	"author": {
		"name": "Fred Heusschen",
		"url": "http://www.frebsite.nl"
	},
	"licenses": [{
		"type": "MIT",
		"url": "http://opensource.org/licenses/MIT"
	}, {
		"type": "GPL-3.0",
		"url": "http://opensource.org/licenses/GPL-3.0"
	}],
	"dependencies": {
		"jquery": ">=1.7.0"
	}
}
