{
  "name": "list.js",
  "repo": "javve/list.js",
  "version": "1.0.0",
  "description": "Add search, sort and flexibility to plain HTML lists or tables with cross-browser native JavaScript.",
  "keywords": [
    "list",
    "search",
    "sort",
    "table",
    "dom",
    "html",
    "ui"
  ],
  "scripts": [
    "index.js",
    "src/search.js",
    "src/sort.js",
    "src/item.js",
    "src/templater.js",
    "src/filter.js",
    "src/add-async.js",
    "src/parse.js"
  ],
  "license": "MIT",
  "dependencies": {
    "component/classes": "*",
    "segmentio/extend": "*",
    "component/indexof": "*",
    "javve/events": "*",
    "javve/get-by-class": "*",
    "javve/get-attribute": "*",
    "javve/natural-sort": "*",
    "javve/to-string": "*",
    "component/type": "*"
  },
  "development": {
    "visionmedia/mocha": "*",
    "techjacker/expect.js": "*",
    "component/jquery": "1.9.1"
  },
  "twitter": "javve",
  "remotes": []
}
