{
    "name": "pressAndHold",
    "title": "jQuery Press and Hold Button",
    "description": "jQuery plugin for making a button the user has to hold down for a period of time. A good replacement for Are You Sure dialog boxes.",
    "keywords": [
        "button",
        "hold",
        "press",
        "confirmation"
    ],
    "version": "1.0.0",
    "author": 
        {
            "name": "Tony Smith",
            "url": "http://naptown.com/"
        },
    "maintainers": [
        {
            "name": "Tony Smith",
            "url": "http://naptown.com/"
        }
    ],
    "licenses": [
        {
            "type": "MIT",
            "url": "http://opensource.org/licenses/MIT"
        }
    ],
    "bugs": "https://github.com/santhony7/pressAndHold/issues",
    "homepage": "http://naptown.com/pressAndHold/",
    "docs": "https://github.com/santhony7/pressAndHold/",
    "dependencies": 
        {
            "jquery": ">=1.5"
        }
}